Pos,Age,Tm,G,GS,MP,FG,FGA,FG%,3P,3PA,3P%,2P,2PA,2P%,eFG%,FT,FTA,FT%,ORB,DRB,TRB,AST,STL,BLK,TOV,PF,PTS,Salary,Rating,Instagram Followers
PG,34,GSW,23,23,800,233,467,0.499,117,271,0.432,116,196,0.592,0.624,106,117,0.906,12,140,152,162,24,6,72,49,689,48070014,96,"47,496,236"
PG,32,LAC,20,0,442,90,207,0.435,18,66,0.273,72,141,0.511,0.478,58,87,0.667,6,46,52,113,18,5,47,34,256,47345760,78,"4,565,831"
PG,34,LAL,22,3,614,118,290,0.407,26,86,0.302,92,204,0.451,0.452,60,87,0.69,22,93,115,165,20,10,78,53,322,47063478,78,"21,075,492"
PF,38,LAL,17,17,602,171,367,0.466,41,124,0.331,130,243,0.535,0.522,56,78,0.718,27,127,154,109,20,11,58,32,439,44474988,96,"137,786,249"
SG,29,WAS,18,18,631,156,299,0.522,31,88,0.352,125,211,0.592,0.574,69,79,0.873,15,52,67,97,21,11,51,34,412,43279250,87,"1,389,651"
PG,32,POR,12,12,419,91,215,0.423,42,121,0.347,49,94,0.521,0.521,86,98,0.878,10,41,51,83,7,4,46,22,310,42492492,89,"9,629,954"
SF,31,LAC,6,4,140,26,60,0.433,2,18,0.111,24,42,0.571,0.45,12,15,0.8,5,21,26,19,3,1,6,10,66,42492492,94,"107,620"
PF,28,MIL,19,19,626,223,410,0.544,15,63,0.238,208,347,0.599,0.562,145,234,0.62,39,176,215,104,16,20,70,65,606,42492492,97,"13,822,617"
SF,32,LAC,17,17,577,140,303,0.462,47,125,0.376,93,178,0.522,0.54,70,82,0.854,9,90,99,76,25,7,60,44,397,42492492,88,"9,796,501"
SG,32,GSW,20,20,607,127,316,0.402,78,200,0.39,49,116,0.422,0.525,28,33,0.848,10,61,71,49,12,7,32,35,360,40600080,83,"13,988,490"
C,30,MIN,21,21,640,103,158,0.652,0,2,0.0,103,156,0.66,0.652,71,99,0.717,77,163,240,17,14,27,32,64,277,38172414,88,"834,320"
SF,31,MIL,2,2,52,7,22,0.318,3,11,0.273,4,11,0.364,0.386,5,6,0.833,0,3,3,12,1,0,2,6,22,37984276,86,"403,005"
C,29,LAL,21,21,700,217,368,0.59,9,27,0.333,208,341,0.61,0.602,130,158,0.823,69,190,259,54,27,48,40,57,573,37980720,90,"7,167,394"
SF,33,MIA,15,15,533,103,208,0.495,12,34,0.353,91,174,0.523,0.524,97,112,0.866,33,74,107,90,25,4,30,24,315,37653300,93,"7,702,760"
PF,30,PHI,22,22,751,143,299,0.478,49,118,0.415,94,181,0.519,0.56,37,44,0.841,19,120,139,59,29,10,29,47,372,37633050,82,"526,738"
SG,27,CHI,19,19,652,147,348,0.422,54,154,0.351,93,194,0.479,0.5,70,85,0.824,15,72,87,80,24,1,41,47,418,37096500,88,"2,533,332"
PG,24,ATL,22,22,781,194,476,0.408,48,162,0.296,146,314,0.465,0.458,171,190,0.9,17,47,64,212,16,3,76,30,607,37096500,90,"4,875,318"
PG,23,DAL,23,23,847,259,515,0.503,65,187,0.348,194,328,0.591,0.566,173,239,0.724,19,178,197,200,40,16,84,66,756,37096500,95,"7,468,806"
PG,30,BRK,17,17,627,155,328,0.473,44,136,0.324,111,192,0.578,0.54,61,68,0.897,11,63,74,74,16,16,39,50,415,36934550,89,"17,888,448"
PG,26,BRK,17,12,477,62,101,0.614,0,1,0.0,62,100,0.62,0.614,18,33,0.545,17,96,113,99,21,12,39,64,142,35448672,83,"6,741,233"
C,28,TOR,14,14,486,121,247,0.49,19,53,0.358,102,194,0.526,0.528,82,109,0.752,24,100,124,99,14,7,34,45,343,35448672,86,"680,211"
PF,27,MIN,21,21,709,153,303,0.505,38,117,0.325,115,186,0.618,0.568,92,104,0.885,35,137,172,111,16,14,65,82,436,33833400,89,"3,961,630"
SG,26,PHO,24,24,859,244,500,0.488,57,146,0.39,187,354,0.528,0.545,136,156,0.872,20,97,117,142,24,10,61,64,681,33833400,91,"5,477,269"
PF,27,WAS,23,23,747,169,361,0.468,48,135,0.356,121,226,0.535,0.535,116,146,0.795,51,152,203,58,19,35,42,74,502,33833400,85,"1,519,577"
PG,32,MIL,18,17,584,125,280,0.446,38,113,0.336,87,167,0.521,0.514,41,46,0.891,22,71,93,135,29,9,59,37,329,33665040,86,"536,128"
SF,27,GSW,22,22,722,163,319,0.511,67,149,0.45,96,170,0.565,0.616,27,43,0.628,34,79,113,48,30,17,30,64,420,33616770,84,"2,190,660"
C,28,PHI,16,16,565,166,323,0.514,15,54,0.278,151,269,0.561,0.537,163,194,0.84,26,127,153,79,18,28,66,53,510,33616770,96,"6,204,886"
SG,33,PHI,10,10,369,67,162,0.414,24,71,0.338,43,91,0.473,0.488,61,66,0.924,6,61,67,97,12,6,33,20,219,33000000,89,"158,133"
PG,25,DEN,20,20,597,132,305,0.433,38,105,0.362,94,200,0.47,0.495,50,64,0.781,10,63,73,99,19,5,40,29,352,31650600,84,"994,266"
SF,25,NOP,15,15,481,109,231,0.472,28,60,0.467,81,171,0.474,0.532,66,76,0.868,7,69,76,70,13,10,42,33,312,31650600,86,"2,216,103"
PG,26,MIN,23,23,724,127,291,0.436,44,138,0.319,83,153,0.542,0.512,46,59,0.78,15,62,77,154,30,13,63,47,344,31377750,82,"3,630,960"
SG,26,CLE,23,23,843,233,470,0.496,89,210,0.424,144,260,0.554,0.59,113,127,0.89,20,71,91,112,34,10,70,55,668,30913750,88,"3,622,563"
SG,24,OKC,22,22,786,235,464,0.506,22,67,0.328,213,397,0.537,0.53,197,212,0.929,21,84,105,132,39,25,73,54,689,30913750,87,"1,236,014"
C,24,PHO,22,22,639,163,262,0.622,4,13,0.308,159,249,0.639,0.63,46,63,0.73,63,148,211,47,11,19,42,64,376,30913750,85,"501,109"
PF,24,BOS,24,24,887,242,504,0.48,82,225,0.364,160,279,0.573,0.562,172,198,0.869,27,172,199,101,24,25,66,54,738,30351780,93,"5,357,681"
PG,25,SAC,21,21,665,180,349,0.516,40,106,0.377,140,243,0.576,0.573,86,105,0.819,10,97,107,122,23,10,55,52,486,30351780,84,"1,285,381"
C,25,MIA,23,23,807,185,351,0.527,1,9,0.111,184,342,0.538,0.528,106,124,0.855,52,160,212,75,22,18,72,76,477,30351780,87,"843,168"
SF,32,CHO,11,11,355,65,146,0.445,16,42,0.381,49,104,0.471,0.5,33,43,0.767,7,40,47,48,7,3,28,10,179,30075000,80,"1,198,988"
PF,34,CLE,19,1,385,59,141,0.418,39,101,0.386,20,40,0.5,0.557,33,38,0.868,13,122,135,43,3,3,23,29,190,28942830,80,"3,354,436"
PG,37,PHO,10,10,302,28,76,0.368,9,33,0.273,19,43,0.442,0.428,30,34,0.882,5,40,45,94,17,2,15,23,95,28400000,90,"11,559,738"
PG,36,MIA,25,25,907,107,270,0.396,58,167,0.347,49,103,0.476,0.504,87,102,0.853,20,104,124,151,30,15,63,72,359,28333334,82,"1,511,458"
PG,26,NYK,24,24,775,181,375,0.483,34,100,0.34,147,275,0.535,0.528,109,125,0.872,11,71,82,150,24,5,42,59,505,27733332,83,"197,156"
SF,33,CHI,23,23,801,208,414,0.502,10,32,0.313,198,382,0.518,0.514,160,181,0.884,11,90,101,107,21,9,45,63,586,27300000,89,"3,290,663"
C,36,BOS,20,20,632,79,147,0.537,41,88,0.466,38,59,0.644,0.677,5,8,0.625,20,105,125,55,9,20,15,40,204,26500000,82,"664,140"
PF,32,GSW,23,23,714,80,143,0.559,11,35,0.314,69,108,0.639,0.598,26,36,0.722,16,129,145,162,21,19,55,74,197,25806468,83,"4,050,469"
PF,28,NYK,24,24,796,175,380,0.461,51,157,0.325,124,223,0.556,0.528,106,136,0.779,51,152,203,83,17,4,66,77,507,23760000,82,"902,734"
PF,25,ATL,22,22,693,103,213,0.484,16,73,0.219,87,140,0.621,0.521,49,58,0.845,26,138,164,28,20,31,30,71,271,23500000,83,"212,195"
PG,35,UTA,17,17,497,58,148,0.392,32,83,0.386,26,65,0.4,0.5,26,34,0.765,7,34,41,134,20,5,25,35,174,22680000,82,"567,911"
PG,30,BOS,20,0,465,96,197,0.487,38,77,0.494,58,120,0.483,0.584,48,56,0.857,20,63,83,74,11,4,38,30,278,22600000,82,"156,770"
SG,23,POR,22,22,817,187,422,0.443,93,234,0.397,94,188,0.5,0.553,76,85,0.894,7,60,67,100,22,6,48,49,543,22321429,80,"227,640"
PG,28,TOR,18,18,659,95,266,0.357,50,147,0.34,45,119,0.378,0.451,54,64,0.844,9,55,64,115,30,9,33,50,294,21250000,84,"712,467"
SG,30,IND,24,24,759,142,343,0.414,83,227,0.366,59,116,0.509,0.535,38,45,0.844,25,92,117,64,24,9,51,51,405,21177750,78,"527,729"
PF,28,POR,23,23,835,172,362,0.475,65,141,0.461,107,221,0.484,0.565,119,153,0.778,20,75,95,64,19,20,44,52,528,20955000,82,"201,350"
PG,29,DAL,24,24,757,139,304,0.457,63,154,0.409,76,150,0.507,0.561,51,61,0.836,8,66,74,120,24,6,37,53,392,20171427,80,"300,367"
SF,26,PHO,24,24,876,147,285,0.516,42,94,0.447,105,191,0.55,0.589,48,54,0.889,27,98,125,80,26,23,27,53,384,20100000,83,"230,887"
C,24,CLE,18,18,582,105,174,0.603,0,2,0.0,105,172,0.61,0.603,43,56,0.768,53,141,194,23,12,22,31,40,253,20000000,85,"267,655"
PF,34,LAC,25,1,467,39,94,0.415,27,71,0.38,12,23,0.522,0.559,11,19,0.579,17,83,100,32,14,19,18,50,116,19700319,76,"274,090"
PF,27,DEN,21,21,616,134,217,0.618,23,58,0.397,111,159,0.698,0.671,58,91,0.637,51,90,141,48,14,17,30,38,349,19690909,79,"1,118,710"
SG,34,HOU,20,20,601,82,188,0.436,38,108,0.352,44,80,0.55,0.537,44,51,0.863,6,33,39,51,14,7,38,15,246,19568360,75,"254,588"
PF,33,DET,25,25,789,177,341,0.519,64,145,0.441,113,196,0.577,0.613,107,122,0.877,12,79,91,64,15,0,58,44,525,19550000,80,"120,775"
SG,28,CLE,21,14,642,79,212,0.373,31,85,0.365,48,127,0.378,0.446,42,53,0.792,19,72,91,94,16,2,39,49,231,18796296,78,"260,992"
PF,26,SAC,22,22,705,133,222,0.599,10,27,0.37,123,195,0.631,0.622,92,122,0.754,48,193,241,144,16,11,55,84,368,18500000,86,"261,614"
PF,30,SAC,22,22,674,90,184,0.489,22,73,0.301,68,111,0.613,0.549,89,106,0.84,23,97,120,41,19,3,27,31,291,18352273,80,"990,801"
C,26,IND,19,18,519,111,204,0.544,28,71,0.394,83,133,0.624,0.613,66,81,0.815,27,119,146,27,10,43,33,60,316,18000000,82,"250,052"
C,29,MEM,22,22,596,77,129,0.597,0,1,0.0,77,128,0.602,0.597,19,62,0.306,110,129,239,50,18,22,48,55,173,17926829,82,"532,564"
SG,24,TOR,21,16,646,121,286,0.423,47,140,0.336,74,146,0.507,0.505,61,79,0.772,13,29,42,32,34,3,23,29,350,17505000,79,"280,166"
SF,25,TOR,24,24,876,174,361,0.482,38,111,0.342,136,250,0.544,0.535,72,87,0.828,35,103,138,52,56,21,63,72,458,17357143,81,"215,917"
PG,28,BOS,22,22,729,96,212,0.453,41,115,0.357,55,97,0.567,0.55,33,43,0.767,9,60,69,168,25,7,49,66,266,17207142,82,"778,701"
SG,28,BOS,25,20,655,90,192,0.469,46,106,0.434,44,86,0.512,0.589,43,48,0.896,14,61,75,83,21,17,24,64,269,16892857,78,"162,444"
SG,29,LAC,22,5,556,113,246,0.459,36,95,0.379,77,151,0.51,0.533,64,82,0.78,9,55,64,33,18,7,39,40,326,16758621,80,"317,756"
SG,26,ATL,24,24,886,205,454,0.452,53,145,0.366,152,309,0.492,0.51,54,65,0.831,19,117,136,156,44,11,64,42,517,16571120,86,"1,140,808"
SG,24,ORL,4,4,97,19,43,0.442,2,6,0.333,17,37,0.459,0.465,5,6,0.833,5,8,13,16,5,1,8,6,45,16500000,77,"7,016,831"
SF,25,UTA,26,26,881,207,392,0.528,69,167,0.413,138,225,0.613,0.616,95,114,0.833,57,165,222,58,15,18,56,53,578,16475454,78,"315,920"
PF,33,LAC,23,23,690,122,274,0.445,46,126,0.365,76,148,0.514,0.529,23,31,0.742,11,101,112,45,18,8,21,53,313,16372093,77,"332,415"
PF,30,DAL,9,0,64,9,24,0.375,8,19,0.421,1,5,0.2,0.542,3,4,0.75,1,4,5,4,0,0,2,13,29,16000000,73,"87,925"
C,28,POR,21,21,623,115,225,0.511,15,35,0.429,100,190,0.526,0.544,59,84,0.702,59,151,210,59,15,18,51,69,304,15625000,82,"418,033"
SG,23,OKC,24,24,734,119,294,0.405,41,128,0.32,78,166,0.47,0.474,61,79,0.772,38,73,111,56,28,9,35,79,340,15277778,77,"177,531"
PG,26,MEM,24,4,573,98,218,0.45,35,93,0.376,63,125,0.504,0.53,19,27,0.704,9,42,51,108,15,2,25,12,250,15000000,77,"400,808"
C,30,NOP,23,23,530,117,211,0.555,15,36,0.417,102,175,0.583,0.59,59,71,0.831,60,147,207,46,7,8,44,57,308,14700000,83,"264,808"
PG,34,NYK,21,0,285,54,135,0.4,17,49,0.347,37,86,0.43,0.463,10,10,1.0,8,29,37,42,7,5,17,14,135,14520730,81,"74,175"
PF,27,DAL,21,0,548,131,233,0.562,28,69,0.406,103,164,0.628,0.622,61,89,0.685,25,136,161,29,10,12,51,60,351,14317459,84,"205,669"
SG,29,DEN,23,23,716,90,194,0.464,48,105,0.457,42,89,0.472,0.588,25,32,0.781,12,54,66,48,28,10,30,45,253,14004703,76,"725,910"
C,34,MIL,22,22,685,123,247,0.498,53,127,0.417,70,120,0.583,0.605,37,45,0.822,35,94,129,25,13,66,29,49,336,13906976,80,"82,669"
SF,31,SAS,20,0,414,78,165,0.473,39,96,0.406,39,69,0.565,0.591,10,16,0.625,5,32,37,29,2,3,20,33,205,13750000,74,"254,296"
SG,26,LAC,15,7,318,44,85,0.518,25,51,0.49,19,34,0.559,0.665,4,4,1.0,4,39,43,10,8,0,15,20,117,13745455,76,"207,979"
PF,22,NOP,18,18,576,163,276,0.591,3,11,0.273,160,265,0.604,0.596,96,132,0.727,38,89,127,77,23,11,49,41,425,13534817,87,"5,282,205"
SG,30,UTA,26,26,841,185,428,0.432,70,200,0.35,115,228,0.504,0.514,72,87,0.828,32,70,102,124,9,9,69,54,512,13340000,77,"1,838,290"
PF,27,WAS,23,23,793,180,392,0.459,51,167,0.305,129,225,0.573,0.524,62,84,0.738,23,153,176,82,9,11,58,63,473,13000000,81,"4,926,000"
SG,28,ORL,6,3,155,23,48,0.479,10,23,0.435,13,25,0.52,0.583,6,6,1.0,5,11,16,12,4,2,9,13,62,13000000,74,"156,796"
PG,34,LAL,18,18,474,23,85,0.271,13,59,0.22,10,26,0.385,0.347,17,21,0.81,12,56,68,45,15,9,15,52,76,13000000,78,"614,344"
SG,27,POR,22,22,782,78,161,0.484,14,43,0.326,64,118,0.542,0.528,41,56,0.732,42,144,186,93,32,3,38,61,211,12960000,80,"661,345"
PF,31,UTA,26,26,741,117,209,0.56,41,88,0.466,76,121,0.628,0.658,64,80,0.8,34,96,130,83,33,19,58,107,339,12804878,76,"173,692"
PF,32,LAC,15,0,234,26,68,0.382,15,44,0.341,11,24,0.458,0.493,14,16,0.875,5,53,58,18,6,10,12,30,81,12307692,76,"253,957"
SG,29,SAS,17,2,388,59,146,0.404,29,80,0.363,30,66,0.455,0.503,27,32,0.844,7,31,38,51,12,2,29,31,174,12196094,76,"271,842"
PG,23,MEM,20,20,665,198,427,0.464,37,100,0.37,161,327,0.492,0.507,136,183,0.743,26,100,126,149,21,5,76,38,569,12119440,93,"8,147,174"
SG,31,ORL,22,8,538,76,178,0.427,37,94,0.394,39,84,0.464,0.531,9,13,0.692,7,42,49,29,16,4,27,33,198,11500000,75,"389,056"
SG,27,MEM,21,21,658,138,350,0.394,46,138,0.333,92,212,0.434,0.46,45,60,0.75,17,63,80,61,20,2,36,67,367,11400000,80,"142,673"
PF,29,SAC,12,0,127,16,24,0.667,1,2,0.5,15,22,0.682,0.688,4,6,0.667,8,17,25,0,2,1,5,19,37,11215260,75,"66,154"
PG,32,LAC,25,25,732,115,273,0.421,39,112,0.348,76,161,0.472,0.493,38,43,0.884,10,55,65,108,16,3,58,47,307,11215260,77,"195,347"
C,31,DAL,21,17,363,47,67,0.701,0,1,0.0,47,66,0.712,0.701,29,43,0.674,37,37,74,11,12,9,19,53,123,11080125,76,"98,151"
PF,20,ORL,18,18,619,132,294,0.449,16,65,0.246,116,229,0.507,0.476,111,152,0.73,23,99,122,68,14,11,53,39,391,11055120,78,"778,148"
PF,27,MIL,23,7,618,134,275,0.487,28,87,0.322,106,188,0.564,0.538,23,30,0.767,56,183,239,54,8,8,27,44,319,10843350,80,"280,803"
C,34,DEN,19,3,298,43,57,0.754,1,1,1.0,42,56,0.75,0.763,14,30,0.467,31,81,112,19,3,12,25,31,101,10733758,72,"1,902,459"
SG,21,MIN,23,23,840,192,416,0.462,59,171,0.345,133,245,0.543,0.532,86,113,0.761,13,116,129,88,38,9,73,64,529,10733400,86,"1,264,395"
PG,21,DET,12,12,400,93,224,0.415,17,61,0.279,76,163,0.466,0.453,36,43,0.837,12,62,74,72,10,7,39,34,239,10552800,84,"587,324"
SG,22,UTA,25,0,421,67,172,0.39,18,71,0.254,49,101,0.485,0.442,28,38,0.737,11,55,66,62,21,9,34,38,180,10260000,74,"372,693"
C,25,LAC,25,25,761,106,169,0.627,0,1,0.0,106,168,0.631,0.627,55,81,0.679,87,200,287,31,11,43,55,75,267,10123457,77,"163,750"
SF,31,DAL,23,18,618,35,118,0.297,27,98,0.276,8,20,0.4,0.411,10,15,0.667,10,58,68,21,19,2,9,54,107,10012800,75,"191,785"
SF,25,ATL,21,21,648,113,253,0.447,28,79,0.354,85,174,0.489,0.502,59,73,0.808,14,70,84,23,7,3,28,63,313,9835881,76,"95,453"
SG,25,PHO,15,0,249,35,86,0.407,24,62,0.387,11,24,0.458,0.547,17,19,0.895,4,10,14,18,7,2,16,22,111,9500000,73,"110,666"
SG,20,HOU,24,24,832,176,424,0.415,57,179,0.318,119,245,0.486,0.482,109,137,0.796,15,80,95,95,20,5,80,42,518,9441840,82,"2,365,200"
PF,28,PHO,11,2,134,16,44,0.364,7,20,0.35,9,24,0.375,0.443,5,7,0.714,15,24,39,12,3,2,6,21,44,9240000,76,"102,009"
SF,29,BRK,25,25,897,84,220,0.382,58,142,0.408,26,78,0.333,0.514,16,23,0.696,20,112,132,117,29,17,44,83,242,9200000,74,"142,667"
PG,27,WAS,21,21,571,75,168,0.446,25,66,0.379,50,102,0.49,0.521,17,23,0.739,9,68,77,106,16,4,18,27,192,9125000,79,"147,654"
PG,28,CHI,23,7,593,40,99,0.404,20,56,0.357,20,43,0.465,0.505,24,31,0.774,9,54,63,85,33,18,32,53,124,9030000,77,"1,618,266"
C,31,DAL,20,0,505,45,93,0.484,20,57,0.351,25,36,0.694,0.591,11,14,0.786,16,53,69,20,6,18,12,44,121,9000000,75,"116,207"
PG,23,CLE,19,19,683,143,329,0.435,52,131,0.397,91,198,0.46,0.514,83,96,0.865,6,36,42,150,23,4,60,38,421,8920794,87,"470,340"
PF,29,MIN,18,3,398,42,85,0.494,9,21,0.429,33,64,0.516,0.547,23,28,0.821,13,60,73,52,18,17,25,24,116,8780488,76,"148,106"
SG,30,MIA,1,0,19,3,9,0.333,1,4,0.25,2,5,0.4,0.389,2,4,0.5,0,2,2,2,0,0,0,1,9,8750000,78,"1,464,198"
PG,21,CHO,3,3,98,22,53,0.415,10,32,0.313,12,21,0.571,0.509,4,5,0.8,0,11,11,21,3,1,11,8,58,8623920,87,"9,392,353"
SG,27,MIL,20,18,540,67,147,0.456,40,92,0.435,27,55,0.491,0.592,43,47,0.915,17,53,70,51,16,5,25,31,217,8500000,75,"382,143"
SG,32,BRK,15,0,336,49,111,0.441,26,63,0.413,23,48,0.479,0.559,10,11,0.909,4,30,34,34,9,4,20,29,134,8496653,78,"2,130,171"
PF,21,CLE,25,25,850,152,270,0.563,5,23,0.217,147,247,0.595,0.572,58,86,0.674,71,162,233,60,22,37,51,70,367,8478720,84,"226,202"
PG,24,PHI,22,15,635,91,225,0.404,44,123,0.358,47,102,0.461,0.502,14,21,0.667,26,72,98,74,45,10,40,48,240,8250000,77,"73,138"
PF,32,GSW,22,0,332,51,101,0.505,6,34,0.176,45,67,0.672,0.535,14,18,0.778,31,54,85,15,13,8,22,45,122,8200000,76,"50,544"
SF,22,SAC,20,18,567,82,198,0.414,38,114,0.333,44,84,0.524,0.51,23,27,0.852,18,64,82,18,15,12,31,41,225,8008440,76,"60,149"
PG,30,WAS,4,0,91,10,24,0.417,3,12,0.25,7,12,0.583,0.479,3,5,0.6,4,6,10,13,11,4,4,5,26,7804878,75,"123,098"
PF,21,CHI,23,22,596,77,171,0.45,29,69,0.42,48,102,0.471,0.535,27,29,0.931,26,66,92,18,16,23,36,48,210,7775400,75,"124,939"
PF,21,TOR,21,20,695,124,274,0.453,26,81,0.321,98,193,0.508,0.5,30,45,0.667,37,106,143,104,20,19,53,34,304,7644600,84,"585,161"
C,33,MIA,20,0,244,52,96,0.542,9,26,0.346,43,70,0.614,0.589,25,33,0.758,19,53,72,12,4,8,13,39,138,7448674,75,"66,551"
SF,27,CLE,25,0,580,82,184,0.446,34,101,0.337,48,83,0.578,0.538,25,35,0.714,7,66,73,42,9,3,24,46,223,7426088,75,"1,484,010"
PG,22,CHI,15,0,278,41,100,0.41,21,64,0.328,20,36,0.556,0.515,9,13,0.692,2,28,30,24,9,2,13,24,112,7413955,76,"420,905"
PF,25,SAS,14,3,265,45,95,0.474,10,35,0.286,35,60,0.583,0.526,11,15,0.733,24,51,75,38,9,14,28,49,111,7350000,74,"94,727"
SF,28,MIN,18,0,352,51,103,0.495,21,54,0.389,30,49,0.612,0.597,19,22,0.864,6,39,45,21,6,4,21,43,142,7295000,76,"211,158"
SG,20,DET,22,21,693,120,292,0.411,32,104,0.308,88,188,0.468,0.466,72,98,0.735,25,79,104,93,25,6,59,63,344,7252200,76,"221,641"
SG,22,CLE,25,4,471,36,90,0.4,9,41,0.22,27,49,0.551,0.45,23,28,0.821,13,37,50,15,15,4,17,53,104,7040880,75,"174,509"
PG,21,ORL,14,13,405,65,155,0.419,20,68,0.294,45,87,0.517,0.484,23,35,0.657,15,31,46,76,22,9,47,44,173,6922320,75,"539,906"
C,22,NOP,9,0,67,3,16,0.188,0,8,0.0,3,8,0.375,0.188,4,7,0.571,3,13,16,5,3,1,3,6,10,6803012,76,"286,358"
SG,20,IND,24,1,685,137,329,0.416,48,128,0.375,89,201,0.443,0.489,117,146,0.801,29,63,92,37,15,2,44,47,439,6586800,74,"135,235"
PF,27,MIA,24,24,773,104,218,0.477,35,86,0.407,69,132,0.523,0.557,23,30,0.767,40,73,113,46,28,9,29,45,266,6479000,76,"83,591"
C,22,ATL,23,2,468,75,116,0.647,0,2,0.0,75,114,0.658,0.647,27,37,0.73,49,90,139,24,12,17,21,69,177,6395160,76,"183,971"
SG,20,OKC,21,21,640,133,293,0.454,19,66,0.288,114,227,0.502,0.486,26,36,0.722,34,125,159,115,13,11,68,48,311,6287400,82,"414,314"
PF,24,WAS,16,0,376,76,158,0.481,12,36,0.333,64,122,0.525,0.519,21,29,0.724,12,65,77,17,5,8,22,18,185,6263188,76,"505,366"
SF,36,UTA,12,0,189,21,58,0.362,9,34,0.265,12,24,0.5,0.44,3,6,0.5,6,35,41,10,5,6,10,16,54,6184500,75,"720,639"
PG,27,MIL,23,21,622,74,172,0.43,34,85,0.4,40,87,0.46,0.529,16,19,0.842,14,48,62,81,32,15,33,60,198,6025000,72,"103,134"
SG,19,POR,23,5,462,75,160,0.469,21,56,0.375,54,104,0.519,0.534,14,23,0.609,16,40,56,11,7,5,17,38,185,6012960,72,"157,109"
SF,23,NYK,20,8,438,61,136,0.449,17,56,0.304,44,80,0.55,0.511,29,33,0.879,7,24,31,20,15,8,15,32,168,5954454,74,"541,875"
PF,26,PHO,8,8,202,37,83,0.446,22,51,0.431,15,32,0.469,0.578,8,11,0.727,5,22,27,14,9,3,2,14,104,5887899,80,"222,057"
PG,21,DET,26,13,629,83,225,0.369,26,75,0.347,57,150,0.38,0.427,16,19,0.842,11,56,67,123,27,13,43,77,208,5837760,71,"220,322"
PF,20,GSW,21,2,334,44,101,0.436,9,38,0.237,35,63,0.556,0.48,21,28,0.75,18,43,61,19,7,10,27,42,118,5739840,78,"469,043"
SG,30,MIL,7,0,125,16,53,0.302,10,39,0.256,6,14,0.429,0.396,5,6,0.833,3,18,21,4,5,0,1,4,47,5728393,76,"187,037"
SG,23,MIA,17,17,575,124,273,0.454,44,123,0.358,80,150,0.533,0.535,48,53,0.906,11,101,112,72,13,8,43,28,340,5722116,84,"2,310,070"
SG,23,SAS,13,2,235,29,64,0.453,3,17,0.176,26,47,0.553,0.477,11,17,0.647,22,13,35,9,7,4,10,23,72,5634257,70,"160,237"
PG,19,NOP,15,2,281,31,62,0.5,9,22,0.409,22,40,0.55,0.573,9,14,0.643,8,50,58,33,11,5,11,29,80,5508600,73,"86,322"
PF,24,NYK,24,0,421,71,168,0.423,33,94,0.351,38,74,0.514,0.521,14,17,0.824,14,79,93,26,10,5,19,28,189,5348280,76,"295,195"
SF,21,ORL,25,25,829,179,361,0.496,33,101,0.327,146,260,0.562,0.542,91,105,0.867,20,82,102,94,19,6,69,63,482,5258280,80,"105,613"
PG,27,LAL,20,2,260,40,116,0.345,16,59,0.271,24,57,0.421,0.414,8,9,0.889,1,25,26,24,2,1,24,17,104,5250000,74,"269,865"
SG,24,DET,24,0,370,60,123,0.488,2,13,0.154,58,110,0.527,0.496,35,55,0.636,23,45,68,23,13,5,21,51,157,5200000,76,"359,211"
PG,31,DET,20,2,299,40,89,0.449,15,37,0.405,25,52,0.481,0.534,10,15,0.667,6,14,20,59,5,1,9,29,105,5155500,73,"179,095"
SG,36,NOP,9,0,70,9,22,0.409,5,13,0.385,4,9,0.444,0.523,3,4,0.75,1,5,6,3,6,1,3,6,26,5155500,70,"59,702"
SF,32,PHO,21,13,496,62,131,0.473,26,68,0.382,36,63,0.571,0.573,10,13,0.769,40,64,104,30,13,16,14,50,160,5121951,74,"101,682"
PF,19,SAS,20,20,497,71,150,0.473,8,44,0.182,63,106,0.594,0.5,11,20,0.55,26,55,81,40,19,10,31,52,161,5063520,73,"152,919"
SG,24,UTA,15,0,158,22,56,0.393,9,28,0.321,13,28,0.464,0.473,8,9,0.889,3,11,14,22,8,4,11,21,61,5009633,72,"129,678"
SG,25,PHI,13,0,168,22,52,0.423,10,27,0.37,12,25,0.48,0.519,13,18,0.722,4,12,16,13,3,2,10,7,67,5000000,73,"451,849"
SF,22,WAS,24,21,567,64,163,0.393,18,68,0.265,46,95,0.484,0.448,27,36,0.75,22,99,121,55,17,17,33,74,173,4916160,76,"216,510"
PG,24,SAC,22,1,423,59,132,0.447,18,59,0.305,41,73,0.562,0.515,11,15,0.733,2,29,31,51,12,5,23,36,147,4833600,77,"190,406"
SG,20,WAS,8,0,45,3,11,0.273,0,2,0.0,3,9,0.333,0.273,3,3,1.0,1,4,5,2,0,1,1,12,9,4810320,74,"67,854"
C,23,IND,14,0,142,21,39,0.538,2,10,0.2,19,29,0.655,0.564,9,18,0.5,16,18,34,14,6,8,10,27,53,4765339,75,"46,421"
SG,25,GSW,10,0,149,19,35,0.543,7,17,0.412,12,18,0.667,0.643,12,12,1.0,1,8,9,19,1,1,4,12,57,4728948,72,"68,076"
PF,22,IND,24,24,563,100,223,0.448,29,98,0.296,71,125,0.568,0.513,45,58,0.776,45,121,166,27,6,25,30,53,274,4670160,76,"50,798"
SF,19,OKC,14,0,220,25,59,0.424,10,34,0.294,15,25,0.6,0.508,1,4,0.25,6,34,40,20,5,4,7,12,61,4569840,72,"41,011"
SG,22,SAS,19,17,618,142,311,0.457,59,141,0.418,83,170,0.488,0.551,47,58,0.81,4,76,80,68,14,8,30,29,390,4437000,76,"59,715"
SG,25,PHI,20,3,228,12,39,0.308,5,23,0.217,7,16,0.438,0.372,1,3,0.333,6,18,24,8,16,5,3,23,30,4379526,77,"394,608"
PF,23,UTA,24,24,598,87,143,0.608,12,26,0.462,75,117,0.641,0.65,20,32,0.625,55,143,198,66,28,6,39,69,206,4374000,78,"121,023"
SG,22,CHO,19,0,327,38,113,0.336,14,59,0.237,24,54,0.444,0.398,10,16,0.625,5,40,45,26,9,4,18,28,100,4362240,72,"127,285"
PF,26,MEM,24,2,461,91,151,0.603,1,6,0.167,90,145,0.621,0.606,37,51,0.725,29,86,115,29,8,21,29,54,220,4343919,76,"105,720"
PF,24,BOS,24,11,695,77,144,0.535,41,90,0.456,36,54,0.667,0.677,24,28,0.857,20,90,110,45,18,10,20,68,219,4306281,77,"254,872"
PF,22,OKC,18,0,280,38,87,0.437,9,25,0.36,29,62,0.468,0.489,14,28,0.5,19,51,70,18,10,23,12,20,99,4264628,76,"112,256"
PG,22,IND,22,22,731,155,336,0.461,58,157,0.369,97,179,0.542,0.548,52,62,0.839,17,86,103,239,40,6,58,24,420,4215120,84,"225,474"
PF,22,POR,21,0,321,43,91,0.473,16,43,0.372,27,48,0.563,0.56,14,21,0.667,7,43,50,18,8,3,14,17,116,4171548,76,"191,165"
C,19,DET,23,0,494,63,106,0.594,0,1,0.0,63,105,0.6,0.594,20,43,0.465,65,86,151,14,13,20,23,55,146,4124280,73,"132,525"
SF,26,POR,21,10,610,66,162,0.407,11,35,0.314,55,127,0.433,0.441,18,26,0.692,35,80,115,78,24,9,34,65,161,4097561,75,"541,845"
SG,25,SAC,20,1,264,49,112,0.438,28,71,0.394,21,41,0.512,0.563,14,16,0.875,9,51,60,30,16,4,15,36,140,4000000,76,"62,900"
SF,25,IND,9,5,177,28,71,0.394,13,38,0.342,15,33,0.455,0.486,11,12,0.917,4,15,19,9,1,4,8,16,80,3936960,77,"346,635"
SG,22,UTA,8,0,72,10,21,0.476,1,7,0.143,9,14,0.643,0.5,4,7,0.571,4,6,10,1,1,0,0,8,25,3918360,73,"136,117"
SG,23,GSW,25,6,688,149,342,0.436,60,180,0.333,89,162,0.549,0.523,66,79,0.835,7,44,51,112,21,8,73,57,424,3901399,83,"1,756,115"
SF,23,SAS,22,22,711,157,400,0.393,64,185,0.346,93,215,0.433,0.473,70,96,0.729,21,91,112,68,20,2,50,43,448,3873024,82,"151,128"
SF,23,IND,20,11,429,51,137,0.372,27,79,0.342,24,58,0.414,0.471,23,28,0.821,10,54,64,25,16,10,19,60,152,3804360,71,"79,656"
SG,20,GSW,20,1,292,32,77,0.416,18,50,0.36,14,27,0.519,0.532,18,22,0.818,5,31,36,12,7,5,20,14,100,3740160,73,"197,956"
PG,22,ORL,8,3,219,36,90,0.4,11,32,0.344,25,58,0.431,0.461,21,25,0.84,4,32,36,28,10,4,11,27,104,3613680,78,"720,070"
SF,23,WAS,16,9,426,56,103,0.544,30,65,0.462,26,38,0.684,0.689,14,19,0.737,8,29,37,28,10,3,10,24,156,3552840,75,"72,091"
C,34,HOU,7,0,25,3,7,0.429,0,1,0.0,3,6,0.5,0.429,4,6,0.667,1,6,7,1,1,1,2,1,10,3500000,73,"960,811"
PF,29,PHI,23,0,453,78,169,0.462,53,123,0.431,25,46,0.543,0.618,13,15,0.867,5,43,48,26,10,7,18,49,222,3465000,73,"103,154"
PF,24,ORL,18,7,392,32,87,0.368,18,60,0.3,14,27,0.519,0.471,16,21,0.762,21,55,76,26,11,9,9,34,98,3433320,75,"39,149"
SG,25,LAC,21,6,313,25,66,0.379,4,18,0.222,21,48,0.438,0.409,30,37,0.811,9,15,24,27,5,2,10,27,84,3395062,75,"25,455"
C,20,HOU,21,18,562,120,216,0.556,4,21,0.19,116,195,0.595,0.565,68,86,0.791,71,109,180,46,16,20,49,74,312,3375360,77,"253,475"
PF,21,HOU,24,0,448,81,188,0.431,17,47,0.362,64,141,0.454,0.476,32,38,0.842,53,77,130,20,33,10,19,51,211,3359160,72,"54,470"
PF,21,OKC,21,16,469,78,170,0.459,26,70,0.371,52,100,0.52,0.535,13,21,0.619,36,68,104,35,13,31,29,38,195,3261480,75,"62,439"
C,29,CHI,17,0,241,47,87,0.54,0,2,0.0,47,85,0.553,0.54,17,26,0.654,45,86,131,14,9,7,20,34,111,3200000,79,"1,349,041"
SG,20,CHI,10,0,33,3,11,0.273,1,4,0.25,2,7,0.286,0.318,3,4,0.75,0,2,2,5,1,2,4,2,10,3191400,71,"149,432"
SG,22,DAL,24,1,481,57,98,0.582,24,54,0.444,33,44,0.75,0.704,30,43,0.698,21,34,55,28,23,1,17,60,168,3098400,73,"158,429"
PF,21,MEM,16,0,295,29,70,0.414,19,49,0.388,10,21,0.476,0.55,5,5,1.0,13,37,50,16,9,3,15,33,82,3047640,71,"19,622"
PG,21,OKC,21,4,464,76,200,0.38,30,107,0.28,46,93,0.495,0.455,11,17,0.647,11,46,57,38,19,3,22,37,193,3046200,75,"171,721"
SF,23,DET,19,0,257,36,79,0.456,17,50,0.34,19,29,0.655,0.563,7,11,0.636,9,35,44,7,6,7,10,29,96,3000000,71,"224,335"
SF,23,DET,22,17,663,101,250,0.404,31,115,0.27,70,135,0.519,0.466,87,98,0.888,24,77,101,40,19,4,28,40,320,2959080,80,"59,220"
SF,19,SAS,11,2,188,21,64,0.328,8,35,0.229,13,29,0.448,0.391,8,10,0.8,2,16,18,20,2,2,11,14,58,2925600,72,"43,084"
C,22,CHO,15,0,140,17,37,0.459,2,9,0.222,15,28,0.536,0.486,5,8,0.625,13,19,32,4,3,8,5,15,41,2909040,72,"101,358"
PF,42,MIA,4,0,24,1,6,0.167,0,1,0.0,1,5,0.2,0.167,1,2,0.5,2,2,4,0,1,1,0,4,3,2905851,70,"603,228"
PG,36,CHI,22,0,383,68,156,0.436,25,60,0.417,43,96,0.448,0.516,17,26,0.654,10,27,37,71,6,4,28,31,178,2905851,74,"484,122"
SG,36,MIL,18,0,279,18,59,0.305,14,47,0.298,4,12,0.333,0.424,7,8,0.875,15,19,34,10,9,4,6,30,57,2905851,72,"217,619"
PF,33,MIL,14,0,159,23,44,0.523,6,14,0.429,17,30,0.567,0.591,8,13,0.615,12,28,40,4,0,6,8,20,60,2905851,75,"1,208,311"
C,33,SAS,11,1,117,16,37,0.432,8,27,0.296,8,10,0.8,0.541,3,4,0.75,9,22,31,19,1,5,11,19,43,2905851,74,"189,983"
C,23,TOR,12,0,245,36,92,0.391,5,28,0.179,31,64,0.484,0.418,28,33,0.848,24,60,84,16,2,7,15,19,105,2840160,76,"181,046"
SG,21,DEN,22,0,283,25,61,0.41,8,22,0.364,17,39,0.436,0.475,7,13,0.538,13,31,44,15,8,3,6,24,65,2808600,71,"101,063"
SF,21,ATL,22,2,328,44,93,0.473,6,30,0.2,38,63,0.603,0.505,10,15,0.667,13,63,76,21,14,7,10,34,104,2792640,73,"132,464"
SG,22,PHI,15,15,546,126,273,0.462,43,102,0.422,83,171,0.485,0.54,48,65,0.738,6,46,52,66,15,4,30,35,343,2726880,85,"500,296"
SG,20,POR,6,0,106,16,45,0.356,8,23,0.348,8,22,0.364,0.444,2,6,0.333,3,12,15,10,5,2,13,10,42,2681040,71,"55,525"
PF,27,SAC,17,0,242,35,86,0.407,21,61,0.344,14,25,0.56,0.529,16,22,0.727,17,31,48,13,6,7,17,20,107,2625000,75,"160,656"
PF,22,DEN,18,0,181,33,56,0.589,3,14,0.214,30,42,0.714,0.616,8,10,0.8,17,8,25,4,3,3,9,26,77,2617800,76,"34,318"
PF,21,MEM,24,1,464,54,141,0.383,23,76,0.303,31,65,0.477,0.465,15,21,0.714,17,48,65,15,8,7,16,36,146,2588640,72,"24,072"
PF,21,IND,23,3,379,63,114,0.553,1,4,0.25,62,110,0.564,0.557,45,64,0.703,35,66,101,24,11,29,23,56,172,2573760,76,"116,402"
SF,22,MIL,15,6,232,30,78,0.385,12,41,0.293,18,37,0.486,0.462,7,10,0.7,14,30,44,6,7,2,18,26,79,2485200,71,"179,744"
PF,20,HOU,22,1,339,32,56,0.571,7,11,0.636,25,45,0.556,0.634,14,24,0.583,39,69,108,23,19,16,19,42,85,2471160,73,"216,510"
C,29,ATL,10,0,61,7,12,0.583,3,6,0.5,4,6,0.667,0.708,4,4,1.0,0,12,12,6,0,0,3,10,21,2463490,74,"179,727"
C,28,NOP,10,0,99,17,35,0.486,0,3,0.0,17,32,0.531,0.486,18,22,0.818,15,25,40,5,3,2,11,10,52,2443581,74,"404,636"
PG,21,CHO,22,1,368,43,96,0.448,14,36,0.389,29,60,0.483,0.521,20,23,0.87,5,47,52,55,18,5,26,22,120,2408891,72,"59,480"
SG,21,HOU,17,0,122,21,48,0.438,3,14,0.214,18,34,0.529,0.469,5,6,0.833,5,14,19,10,5,1,12,12,50,2372160,75,"837,150"
PG,23,NYK,24,0,548,83,200,0.415,28,91,0.308,55,109,0.505,0.485,47,56,0.839,16,91,107,72,24,3,35,43,241,2316240,77,"224,812"
C,27,LAL,12,1,94,10,21,0.476,0,1,0.0,10,20,0.5,0.476,9,12,0.75,11,19,30,3,1,6,6,11,29,2298385,72,"86,292"
SG,22,NYK,14,9,295,32,72,0.444,11,41,0.268,21,31,0.677,0.521,4,5,0.8,10,29,39,24,9,4,13,34,79,2277000,72,"183,488"
PF,19,MIA,11,6,169,23,57,0.404,6,28,0.214,17,29,0.586,0.456,18,19,0.947,8,19,27,10,6,1,9,13,70,2239920,71,"124,944"
PG,25,BOS,14,0,171,28,68,0.412,14,38,0.368,14,30,0.467,0.515,5,8,0.625,8,14,22,16,5,1,12,6,75,2239200,76,"249,134"
PF,25,DEN,16,0,198,30,65,0.462,14,34,0.412,16,31,0.516,0.569,6,7,0.857,5,23,28,15,7,4,10,23,80,2234359,71,"27,597"
PG,22,DEN,16,0,337,76,188,0.404,45,102,0.441,31,86,0.36,0.524,34,42,0.81,5,28,33,55,11,5,30,27,231,2201520,76,"246,628"
PF,23,ORL,25,20,666,128,213,0.601,19,46,0.413,109,167,0.653,0.646,37,48,0.771,33,154,187,25,12,46,53,37,312,2200000,71,"965,102"
PG,26,MIN,16,0,261,25,60,0.417,8,32,0.25,17,28,0.607,0.483,9,9,1.0,6,23,29,60,14,2,11,6,67,2160000,75,"28,683"
SG,21,BRK,19,0,283,37,101,0.366,7,25,0.28,30,76,0.395,0.401,40,50,0.8,1,24,25,29,9,3,15,19,121,2138160,74,"125,726"
SG,24,MEM,12,12,403,99,213,0.465,46,102,0.451,53,111,0.477,0.573,52,57,0.912,6,53,59,57,7,3,27,29,296,2130240,83,"188,694"
C,21,BRK,15,0,113,15,31,0.484,3,4,0.75,12,27,0.444,0.532,8,12,0.667,13,30,43,9,3,7,8,24,41,2109480,73,"58,748"
C,25,CHI,6,0,15,2,4,0.5,1,2,0.5,1,2,0.5,0.625,2,2,1.0,1,6,7,0,1,0,0,0,7,2036318,74,"101,465"
PF,22,OKC,23,16,490,77,155,0.497,28,70,0.4,49,85,0.576,0.587,20,26,0.769,43,72,115,22,19,10,14,44,202,2000000,73,"36,489"
SG,26,PHI,20,8,486,92,176,0.523,18,46,0.391,74,130,0.569,0.574,33,38,0.868,16,52,68,72,7,4,38,31,235,1997718,74,"68,325"
PG,26,ATL,21,1,359,36,85,0.424,14,30,0.467,22,55,0.4,0.506,10,13,0.769,9,21,30,29,13,3,17,36,96,1968175,75,"72,309"
C,25,LAL,9,1,131,34,48,0.708,2,8,0.25,32,40,0.8,0.729,13,22,0.591,12,32,44,6,0,5,4,15,83,1968175,76,"94,917"
SG,27,DAL,7,0,24,1,4,0.25,0,3,0.0,1,1,1.0,0.25,2,2,1.0,0,6,6,2,1,0,1,1,4,1968175,68,"141,451"
SG,27,BRK,20,8,306,49,112,0.438,12,44,0.273,37,68,0.544,0.491,33,36,0.917,5,21,26,23,20,5,22,28,143,1968175,75,"522,796"
PF,24,SAS,19,0,254,36,81,0.444,12,35,0.343,24,46,0.522,0.519,8,18,0.444,8,44,52,26,9,6,11,26,92,1930681,75,"37,813"
C,23,MIN,17,0,246,54,103,0.524,11,38,0.289,43,65,0.662,0.578,16,25,0.64,10,49,59,13,5,17,12,40,135,1930681,75,"144,696"
SF,25,CHO,24,6,635,89,203,0.438,30,85,0.353,59,118,0.5,0.512,35,41,0.854,23,88,111,55,24,13,32,70,243,1930681,73,"24,918"
SG,23,MIN,23,0,417,101,234,0.432,31,97,0.32,70,137,0.511,0.498,31,39,0.795,16,48,64,46,14,2,22,35,264,1930681,75,"58,977"
C,25,SAC,18,0,227,45,72,0.625,3,16,0.188,42,56,0.75,0.646,14,16,0.875,13,50,63,14,6,5,12,22,107,1910860,75,"34,536"
SF,27,SAS,22,8,398,69,132,0.523,11,30,0.367,58,102,0.569,0.564,25,30,0.833,27,38,65,16,13,4,17,15,174,1878720,74,"38,780"
SG,23,OKC,17,0,140,29,59,0.492,23,50,0.46,6,9,0.667,0.686,7,9,0.778,2,20,22,16,7,1,6,15,88,1836090,69,"46,147"
PG,23,SAS,23,23,695,104,250,0.416,18,59,0.305,86,191,0.45,0.452,52,57,0.912,17,61,78,158,35,4,47,43,278,1782621,74,"311,870"
PF,25,CLE,12,9,263,30,68,0.441,7,20,0.35,23,48,0.479,0.493,16,19,0.842,7,31,38,5,5,6,6,18,83,1782621,75,"51,583"
SF,25,NOP,21,4,427,52,125,0.416,17,52,0.327,35,73,0.479,0.484,23,29,0.793,16,46,62,45,15,4,18,26,144,1782621,73,"18,311"
SF,22,BRK,12,0,39,3,13,0.231,2,7,0.286,1,6,0.167,0.308,1,2,0.5,2,3,5,2,2,1,1,1,9,1637966,71,"19,186"
PF,25,BOS,25,0,417,61,121,0.504,49,106,0.462,12,15,0.8,0.707,7,9,0.778,9,52,61,19,6,7,7,36,178,1637966,71,"27,889"
SG,24,LAL,23,8,658,74,142,0.521,24,66,0.364,50,76,0.658,0.606,65,71,0.915,16,55,71,44,10,7,24,33,237,1563518,74,"294,015"
PF,22,POR,15,2,279,31,55,0.564,3,10,0.3,28,45,0.622,0.591,17,19,0.895,13,48,61,25,7,1,16,28,82,1563518,74,"70,350"
PG,22,NYK,12,0,82,9,28,0.321,1,15,0.067,8,13,0.615,0.339,2,6,0.333,0,3,3,15,5,0,3,9,21,1563518,71,"69,806"
PG,24,NOP,23,6,487,85,180,0.472,38,94,0.404,47,86,0.547,0.578,21,25,0.84,10,45,55,77,27,4,31,51,229,1563518,76,"231,946"
SG,24,OKC,17,5,330,37,80,0.463,13,33,0.394,24,47,0.511,0.544,16,20,0.8,17,44,61,29,9,4,11,26,103,1563518,73,"31,192"
C,27,PHO,21,0,268,50,96,0.521,4,28,0.143,46,68,0.676,0.542,28,35,0.8,33,43,76,14,6,14,15,41,132,1563518,70,"52,122"
PG,20,HOU,22,0,331,24,70,0.343,16,46,0.348,8,24,0.333,0.457,9,13,0.692,8,29,37,54,15,3,31,20,73,1563518,67,"63,159"
PG,23,LAC,4,0,27,6,13,0.462,2,7,0.286,4,6,0.667,0.538,0,2,0.0,1,2,3,5,0,0,2,2,14,1563518,70,"73,329"
SG,23,IND,15,2,128,11,31,0.355,2,10,0.2,9,21,0.429,0.387,4,5,0.8,9,13,22,6,2,4,4,13,28,1563518,74,"8,463"
PF,24,DET,22,7,430,42,104,0.404,29,81,0.358,13,23,0.565,0.543,15,20,0.75,11,39,50,13,9,12,13,42,128,1563518,72,"50,768"
PG,23,CHI,22,20,624,94,182,0.516,22,66,0.333,72,116,0.621,0.577,18,20,0.9,12,63,75,64,14,9,34,56,228,1563518,76,"232,141"
PF,26,SAS,3,0,24,3,6,0.5,0,2,0.0,3,4,0.75,0.5,1,2,0.5,2,7,9,0,1,0,3,1,7,1493098,72,"1,001,080"
PG,20,MEM,9,0,105,12,38,0.316,2,11,0.182,10,27,0.37,0.342,3,7,0.429,2,11,13,21,6,3,8,5,29,1200000,70,"104,019"
SG,19,LAL,10,0,112,9,23,0.391,7,16,0.438,2,7,0.286,0.543,3,4,0.75,1,21,22,5,3,0,2,5,28,1017781,70,"80,670"
SG,20,DAL,5,0,19,6,15,0.4,1,5,0.2,5,10,0.5,0.433,2,2,1.0,0,3,3,1,0,0,2,5,15,1017781,70,"345,877"
C,22,SAS,14,0,214,33,48,0.688,2,6,0.333,31,42,0.738,0.708,10,18,0.556,29,55,84,20,6,15,19,34,78,566085,73,"47,617"
SG,22,PHO,15,0,135,29,77,0.377,11,39,0.282,18,38,0.474,0.448,0,2,0.0,0,9,9,11,1,1,9,7,69,508891,72,"43,319"
SG,20,CHO,9,0,109,13,28,0.464,4,9,0.444,9,19,0.474,0.536,8,9,0.889,2,9,11,8,3,4,3,4,38,508891,70,"38,845"
SF,25,OKC,8,0,95,17,33,0.515,6,13,0.462,11,20,0.55,0.606,7,11,0.636,6,8,14,2,3,0,5,21,47,508891,68,"10,862"
C,23,MIL,11,0,88,11,28,0.393,4,15,0.267,7,13,0.538,0.464,5,10,0.5,5,18,23,3,1,2,4,8,31,502080,71,"57,082"
